{"cameraMode":{"drawMode":0,"name":"Shaded","section":"Shading Mode"},"sceneLighting":true,"audioPlay":false,"sceneViewState":{"m_AlwaysRefresh":false,"showFog":true,"showSkybox":true,"showFlares":true,"showImageEffects":true,"showParticleSystems":true,"showVisualEffectGraphs":true,"m_FxEnabled":true},"in2DMode":false,"pivot":{"x":4.776763916015625,"y":-7.155324935913086,"z":27.459484100341798},"rotation":{"x":0.20097874104976655,"y":-0.21117347478866578,"z":0.04441637173295021,"w":0.9555321931838989},"size":25.345809936523439,"orthographic":false}